순번,의료기관명,의료기관주소(도로명),의료기관전화번호
1,서동가정의학과의원,"부산광역시 금정구 서부로16번길 3, 2,4,5,6층 (서동)",051-000-0000
2,이준정형외과의원,"부산광역시 금정구 구서로 2, 정우빌딩 6층 602호 (구서동)",051-711-6500
3,늘봄의원,"부산광역시 금정구 수림로 55, 3층 (장전동)",051-513-7582
4,단스위티의원,"부산광역시 금정구 장전온천천로 51, 테라스파크 4층 406호 (장전동)",051-925-9595
5,김유정내과의원,"부산광역시 금정구 장전로 10, 가온메디컬 5층 (장전동)",051-913-7000
6,금정바른정형외과의원,"부산광역시 금정구 수림로 15, 하나클리닉센터 3층 (부곡동)",051-932-1234
7,참좋은안과의원,"부산광역시 금정구 구서로 23, 화산빌딩 4층 (구서동)",051-711-4333
8,태흥당한의원,"부산광역시 금정구 구서로 7, 2층 (구서동)",051-715-9475
9,튼튼드림의원,"부산광역시 금정구 장전온천천로 48, 부산대지하철역 1층 2호 일부호 (장전동)",051-517-8881
10,금정경희한의원,"부산광역시 금정구 금강로 338-1, 2층 일부호 (장전동)",051-515-3650
11,두실내과의원,"부산광역시 금정구 중앙대로 1931, 구서동 175-37 2층 (구서동)",051-711-1707
12,민들레돌봄의원,"부산광역시 금정구 중앙대로 2093, 수광빌딩 3층일부7,8,10층 일부호 (남산동)",051-791-1193
13,연세바로본의원,"부산광역시 금정구 서동로 159-1, 4,5층 (서동)",051-525-0111
14,서동 미로내과의원,"부산광역시 금정구 서동로 159-1, 2,3층 (서동)",051-942-2000
15,백미경산부인과의원,"부산광역시 금정구 중앙대로 1711, 금정빌딩 2층 (부곡동)",051-516-9222
16,남산내과의원,"부산광역시 금정구 중앙대로 1917, 2~4층 (구서동)",051-582-9461
17,바른해인한의원,"부산광역시 금정구 금강로 198, 1층 (장전동)",051-710-8588
18,사랑가득의원,"부산광역시 금정구 중앙대로1841번길 24, (주)이마트금정점 2층 (구서동)",051-863-6789
19,보스톤플란트치과의원,"부산광역시 금정구 서동로 168, 3,4층 (서동)",051-711-2870
20,권마취통증의학과의원,"부산광역시 금정구 중앙대로1719번길 16, 참한빌딩 3층 (부곡동)",051-516-8516
21,정성다한의원,"부산광역시 금정구 중앙대로1841번길 24, (주)이마트금정점 2층 (구서동)",051-516-8725
22,튼튼치과의원,"부산광역시 금정구 수림로 17, 3층 (부곡동)",051-583-1231
23,로아르피부과의원,"부산광역시 금정구 금강로 441, 이강빌딩 5층 (구서동)",051-714-1312
24,송수진산부인과의원,"부산광역시 금정구 구서로 14, 태명제1빌딩 4층 (구서동)",051-583-7576
25,속시원내과의원,"부산광역시 금정구 금강로 441, 이강빌딩 4층 (구서동)",051-715-8250
26,해유한의원,"부산광역시 금정구 중앙대로1629번길 16, 상가동 2층 201호 (부곡동, 삼한골든뷰 에듀스테이션)",051-515-7700
27,몸바로한의원 부곡점,"부산광역시 금정구 부곡로 118, 동원빌딩 2층 (부곡동)",051-517-7975
28,만세한의원,"부산광역시 금정구 서부곡로 2, 1층 (부곡동)",051-581-9881
29,미네소타구강악안면외과치과의원,"부산광역시 금정구 중앙대로1629번길 16, 301동 2층 202호 (부곡동)",051-515-1975
30,케이케이의원,"부산광역시 금정구 부산대학로 29, 네오스퀘어 3층 (장전동)",051-715-0713
31,이주원내과의원,"부산광역시 금정구 중앙대로 2107, 범어사지하철역 상가2호 (청룡동)",051-515-0625
32,뉴티스치과교정과치과의원,"부산광역시 금정구 구서로 17, 덕원메디컬 5층 502호 (구서동)",051-715-2872
33,단디치과의원,"부산광역시 금정구 서동로 151, 2층 (서동)",051-529-7608
34,올바른정형외과의원,"부산광역시 금정구 금강로 441, 태영빌딩 3층 (구서동)",051-710-7171
35,더힘찬한의원,"부산광역시 금정구 구서로 14, 태명제1빌딩 2,3층 (구서동)",051-714-1358
36,서울신세계치과의원,"부산광역시 금정구 금강로 441, 태영빌딩 6층 (구서동)",051-516-8881
37,서울 당신을 위한 정형외과의원,"부산광역시 금정구 장전로 10, 가온메디컬 103호, 201호 (장전동)",051-517-2607
38,오윤한의원,"부산광역시 금정구 중앙대로 1943, 2층 201호 (구서동, 첨단빌딩)",051-515-9555
39,우리산부인과의원,"부산광역시 금정구 서동로 168, 송월빌딩 6층 (서동)",051-527-3333
40,온마음치과의원,"부산광역시 금정구 중앙대로 2029, 대원빌딩 2층 (남산동)",051-714-2893
41,금정소아청소년과의원,"부산광역시 금정구 금정로 244, 1,6층 (구서동)",051-967-5222
42,포심정신건강의학과의원,"부산광역시 금정구 오시게로 22, 4층 (부곡동)",051-518-4010
43,조은치과의원,"부산광역시 금정구 서동로 158-2, 4층 401호 (서동)",051-523-1364
44,조은어깨동무정형외과의원,부산광역시 금정구 온천장로 131 (장전동),051-711-5365
45,류마통내과의원,"부산광역시 금정구 중앙대로 2027, 새생명빌딩 3층 (남산동)",051-715-7050
46,백두한의원,"부산광역시 금정구 금강로 414, 1층 (구서동)",051-791-2749
47,원이비인후과의원,"부산광역시 금정구 금정로 151-1, 거성빌딩 2,3층 (장전동)",051-711-8090
48,두실정담한의원,"부산광역시 금정구 중앙대로 1939, 3층 (구서동)",051-515-3999
49,참편한한의원 부곡점,부산광역시 금정구 부곡로 120 (부곡동),051-516-1077
50,가까운내과의원,"부산광역시 금정구 구서로 10, 3층 (구서동)",051-710-2788
51,미소인치과의원,"부산광역시 금정구 중앙대로1719번길 30, 2층 (부곡동)",051-516-2828
52,부산튼튼정형외과의원,"부산광역시 금정구 부곡로 124, KB국민은행 2-4층 (부곡동)",051-714-0064
53,강샘온가족의원,"부산광역시 금정구 금강로 376, 2층 (장전동)",051-516-0326
54,서재득신경과의원,"부산광역시 금정구 서동로 168, 송월빌딩 2층 (서동)",051-528-1119
55,명성한의원,"부산광역시 금정구 온천장로 131, 2층 (장전동)",051-582-3412
56,대세한의원,"부산광역시 금정구 서부로 6, 1층 (서동)",051-949-0533
57,경한의원,"부산광역시 금정구 장전로 32, 1층 (장전동)",051-582-1245
58,속속드리내과의원,"부산광역시 금정구 오시게로 22, 2층 (부곡동)",051-501-2079
59,돌고래마취통증의학과의원,"부산광역시 금정구 중앙대로 1941, 태일빌딩 4층 (구서동)",051-512-9001
60,이로운치과의원,"부산광역시 금정구 금정로 151-1, 4층 (장전동)",051-518-8575
61,"연세수마취통증의학과,류마내과의원","부산광역시 금정구 구서로 10, 6층 (구서동)",051-937-3331
62,한솔한의원,"부산광역시 금정구 구서로 10, 2층 (구서동)",051-515-9988
63,금샘치과의원,"부산광역시 금정구 구서로 10, 2층 (구서동)",051-517-2897
64,해인한의원,"부산광역시 금정구 부곡로 131, 1,2층 (부곡동)",051-714-5125
65,금정성모안과의원,"부산광역시 금정구 구서로 10, 501호 (구서동)",051-711-7977
66,서울건치과의원,"부산광역시 금정구 중앙대로 2093, 수광빌딩 3층 (남산동)",051-517-2828
67,미의원,"부산광역시 금정구 금정로 83, 2층 (장전동)",051-518-5761
68,시온치과의원,"부산광역시 금정구 서동로 156, 2-3층 (서동)",051-532-7528
69,웰컴치과의원,"부산광역시 금정구 장전로 10, 3층 (장전동)",051-711-2275
70,우리연합의원,"부산광역시 금정구 온천장로125번길 38, 2층 (장전동)",051-515-7512
71,탑연합비뇨의학과의원,"부산광역시 금정구 온천장로 132, 극동빌딩 3층 (장전동)",051-554-6888
72,금정이비인후과의원,"부산광역시 금정구 중앙대로 1937, 2층 (구서동)",051-514-9911
73,명아치과의원,"부산광역시 금정구 중앙대로 1937, 5층 (구서동)",051-582-2888
74,래미안치과의원,"부산광역시 금정구 금정로 35, 2층 (장전동)",051-583-2275
75,나우향정신건강의학과의원,"부산광역시 금정구 부곡로 122-1, 4층 (부곡동)",051-715-5180
76,구침한의원,"부산광역시 금정구 동현로16번길 76, 2층 (부곡동)",051-516-3009
77,뷰티203의원,"부산광역시 금정구 부산대학로 53, 2~3층 (장전동)",051-583-9799
78,서승진정신건강의학과의원,"부산광역시 금정구 구서로 10, 5층 502호 (구서동)",051-582-6001
79,디이엔치과의원,"부산광역시 금정구 중앙대로 2002-1, 2층 (남산동, 디이엔치과)",051-514-0100
80,윤이비인후과의원,"부산광역시 금정구 서동로 159, 2층 (서동)",051-529-8899
81,라온치과의원,"부산광역시 금정구 금강로 429-1, 해금빌딩 4층 (구서동)",051-583-7588
82,더고운피부과의원,"부산광역시 금정구 온천장로 131, 3층 (장전동, 우성빌딩)",051-558-7575
83,바로나치과의원,"부산광역시 금정구 온천장로 131, 5층 (장전동, 우성빌딩)",051-518-7582
84,나치과의원,"부산광역시 금정구 중앙대로 2091, 5층 (남산동, 금정메디컬센타)",051-582-4554
85,김태균마취통증의학과의원,"부산광역시 금정구 중앙대로 2091, 3층 (남산동, 금정메디컬센타)",051-622-8000
86,윤정신건강의학과의원,"부산광역시 금정구 중앙대로 1943, 9층 (구서동, 첨단빌딩)",051-583-5002
87,제니크의원,"부산광역시 금정구 부산대학로 49, 4층 (장전동, 오션프라자)",051-583-8585
88,부산휴내과의원,"부산광역시 금정구 장전로 31-1, 2층 (장전동)",051-714-1525
89,제제한의원,"부산광역시 금정구 금강로 700, 3층 301~303호 (남산동, 남산시장빌딩)",051-516-5588
90,경희상훈한의원,"부산광역시 금정구 금정로91번길 19, 2층 (장전동, 향춘빌딩)",051-583-1075
91,엘린의원,"부산광역시 금정구 중앙대로1841번길 2, 2층 (구서동, 유원타워)",051-714-3701
92,다스림한의원,부산광역시 금정구 온천장로125번길 68 (장전동),051-557-7588
93,범어연합치과의원,부산광역시 금정구 중앙대로 2102 (남산동),051-514-2080
94,제이케이(JK)맑은피부과의원,"부산광역시 금정구 중앙대로1841번길 15, 7층 (구서동, 명성빌딩)",051-512-8787
95,이경일내과의원,"부산광역시 금정구 중앙대로 2029, 3층 (남산동)",051-582-3399
96,맨하탄치과의원,부산광역시 금정구 중앙대로 1717 (부곡동),051-512-8270
97,온정신건강의학과의원,"부산광역시 금정구 온천장로 131, 2층 (장전동)",051-504-7575
98,바른정치과의원,"부산광역시 금정구 청룡예전로 2, 4층 (청룡동, 경신빌딩)",051-710-0010
99,구서한의원,"부산광역시 금정구 수림로50번길 195-3, 1,2층 (구서동)",051-518-8500
100,민들레내과의원,"부산광역시 금정구 중앙대로 2093, 수광빌딩 5-6층 (남산동)",051-714-5772
101,김태균내과의원,부산광역시 금정구 중앙대로1719번길 16 (부곡동),051-703-8875
102,보광한의원,부산광역시 금정구 금샘로 585 (남산동),051-513-8787
103,바른몸청담한의원,부산광역시 금정구 중앙대로1841번길 23 (구서동),051-504-1060
104,용한의원,부산광역시 금정구 금사로 104 (금사동),051-525-7577
105,주안치과의원,"부산광역시 금정구 수림로 55, 4층 (장전동)",051-518-0900
106,동비한의원,"부산광역시 금정구 금강로 206-16, 2층 (장전동)",051-582-5021
107,항소담외과의원,"부산광역시 금정구 금정로 252, 3~5층 (구서동, 세정타워)",051-582-7517
108,권한의원,"부산광역시 금정구 중앙대로1719번길 64, 2층 (부곡동)",051-512-2222
109,백용운소아청소년과의원,"부산광역시 금정구 장전로 10, 가온메디컬 4층 (장전동)",051-516-2612
110,영이비인후과의원,"부산광역시 금정구 구서로 23, 화산빌딩 5층 (구서동)",051-513-1050
111,진한의원,"부산광역시 금정구 온천장로125번길 6 (장전동, 영승빌딩202호)",051-518-1275
112,위드유이비인후과의원,"부산광역시 금정구 중앙대로 2101, 201호 (남산동)",051-583-7300
113,동산라벨라의원,"부산광역시 금정구 중앙대로1945번길 12, -1층 (구서동)",051-516-3383
114,아카데미피부과의원,"부산광역시 금정구 구서로 10, 4층 (구서동)",051-512-7577
115,정한의원,부산광역시 금정구 서동로 174 (서동),051-527-1075
116,박 정형외과의원,"부산광역시 금정구 중앙대로 1727, 2,3층 (부곡동)",051-911-7575
117,하늘치과의원,부산광역시 금정구 서부곡로 2 (부곡동),051-582-2275
118,하나가정의학과의원,부산광역시 금정구 금강로 209 (장전동),051-517-1190
119,하이얀치과의원,"부산광역시 금정구 금정로233번길 85, 2층 (구서동)",051-518-7750
120,구서바른이치과교정과치과의원,부산광역시 금정구 중앙대로1841번길 39 (구서동),051-515-2885
121,우재한의원,부산광역시 금정구 부곡로 112 (부곡동),051-582-0005
122,씨에프정훈비뇨기과의원,부산광역시 금정구 부곡로 120-1 (부곡동),051-513-7576
123,자연한의원,부산광역시 금정구 중앙대로1841번길 15 (구서동),051-911-7582
124,브이엘의원,부산광역시 금정구 부산대학로 47 (장전동),051-921-7979
125,하루미치과의원,부산광역시 금정구 중앙대로1929번길 12 (구서동),051-516-2772
126,손동훈정형외과의원,"부산광역시 금정구 중앙대로 2101, 4층 (남산동, 금정농협)",051-513-9300
127,"행복의원,한의원","부산광역시 금정구 서동로 137-1, 1층 (서동)",051-522-2900
128,"행복의원,한의원","부산광역시 금정구 서동로 137-1, 1층 (서동)",051-522-2900
129,이진우이비인후과의원,부산광역시 금정구 금강로 206-16 (장전동),051-517-0112
130,다나마취통증의학과의원,"부산광역시 금정구 온천장로 131, 4층 (장전동, 우성빌딩)",051-515-7141
131,손호영한의원,"부산광역시 금정구 금강로 209, 장전동 4층 (장전동, 한신시티빌)",051-512-6028
132,예담한의원,"부산광역시 금정구 금강로 441, 이강빌딩 2층 (구서동)",051-514-2580
133,서울지온신경외과의원,부산광역시 금정구 중앙대로 1897 (구서동),051-518-7007
134,김동건재활의학과의원,부산광역시 금정구 구서로 17 (구서동),051-517-7373
135,동아의원,"부산광역시 금정구 금강로 206-1, 2층 (장전동)",051-582-7575
136,김형석소아청소년과의원,부산광역시 금정구 구서로 17 (구서동),051-513-7931
137,이편한치과의원,"부산광역시 금정구 금강로 208, 2층 (장전동)",051-583-1600
138,이가정의학과의원,"부산광역시 금정구 중앙대로 2097, 3층 (남산동)",051-517-0787
139,명인당한의원,"부산광역시 금정구 수림로20번길 36, 2동 3~4층 (부곡동)",051-515-8575
140,미소드림치과의원,"부산광역시 금정구 금강로 209, 4층 (장전동, 한신시티빌)",051-514-2875
141,수사랑의원,"부산광역시 금정구 수림로20번길 36, 2층 (부곡동)",051-513-4830
142,최내과의원,"부산광역시 금정구 금강로 322, 1층 (장전동)",051-514-6822
143,수가정의학과의원,"부산광역시 금정구 금강로 644-1, 1층 (남산동)",051-516-8787
144,행복한치과의원,"부산광역시 금정구 구서로 24, 2층 (구서동, 농협)",051-516-8275
145,허태율한의원,"부산광역시 금정구 구서로 24, 2층 (구서동, 농협)",051-513-6633
146,열자비한의원,"부산광역시 금정구 금샘로 438, 지하1~지상1층 (구서동)",051-514-1515
147,느티나무치과의원,"부산광역시 금정구 구서로 23, 3층 (구서동)",051-516-2875
148,해광한의원,"부산광역시 금정구 중앙대로 1929, 2층 (구서동)",051-517-1075
149,김진구내과의원,"부산광역시 금정구 구서로 23, 3층 (구서동)",051-514-2280
150,늘편한내과의원,"부산광역시 금정구 중앙대로1841번길 15, 2층 (구서동)",051-583-1199
151,본치과의원,"부산광역시 금정구 중앙대로 1935, 3층 (구서동)",051-515-7475
152,부산하나이비인후과의원,"부산광역시 금정구 중앙대로1841번길 15, 3층 (구서동, 명성빌딩)",051-513-7570
153,강남의원,"부산광역시 금정구 서동로 166-1, 2,3층 (서동)",051-524-9996
154,조인찬마취통증의학과의원,"부산광역시 금정구 중앙대로 1943, 3층 (구서동)",051-518-9038
155,위더스예쁜이치과의원,"부산광역시 금정구 금정로233번길 85, 3층 (구서동)",051-514-7475
156,한결치과의원,"부산광역시 금정구 금정로 149, 2층 (장전동)",051-518-2888
157,풀잎향기한의원,"부산광역시 금정구 서부곡로16번길 74, 1,2층 (부곡동)",051-532-1835
158,조생한의원,부산광역시 금정구 금강로 180 (장전동),051-582-5533
159,뉴아미치과의원,"부산광역시 금정구 중앙대로1629번길 26, 3층 (부곡동)",051-513-7525
160,세종한의원,부산광역시 금정구 중앙대로 1893 (구서동),051-581-7582
161,동산한의원,"부산광역시 금정구 중앙대로1945번길 12, 2,3층 (구서동)",051-517-0210
162,큰으뜸내과의원,"부산광역시 금정구 서동로 168, 우림빌딩(구, 송월빌딩) 7층 (서동)",051-531-7005
163,미래어린이치과의원,부산광역시 금정구 중앙대로1841번길 2 (구서동),051-517-2875
164,뉴플란트치과의원,"부산광역시 금정구 중앙대로1719번길 37, 5층 (부곡동, 정암빌딩)",051-518-2830
165,올리브치과의원,"부산광역시 금정구 오시게로 22, 3층 (부곡동)",051-583-7582
166,엘(L)피부과의원,"부산광역시 금정구 중앙대로 1943, 8층 (구서동, 첨단빌딩)",051-512-8275
167,키즈현치과의원,"부산광역시 금정구 구서로 2, 4층 (구서동, 정우빌딩)",051-583-7528
168,수이비인후과의원,"부산광역시 금정구 부산대학로 47, 6층 (장전동)",051-583-7585
169,새샘내과의원,"부산광역시 금정구 서동로 155, 3층 (서동)",051-532-6660
170,태연한의원,"부산광역시 금정구 부산대학로 10 (부곡동, 부곡대우@상가1동 107호)",051-518-0019
171,온천이비인후과의원,"부산광역시 금정구 온천장로 131, 4층 (장전동, 우성빌딩)",051-512-4713
172,경락한의원,"부산광역시 금정구 수림로 6 (부곡동, SK상가 2층 202호)",051-900-4343
173,굿서울치과의원,"부산광역시 금정구 금강로 492, 4층 (구서동)",051-582-7998
174,김옥영소아청소년과의원,"부산광역시 금정구 수림로 15, 하나클리닉센터 4층 (부곡동)",051-517-1275
175,캐슬치과의원,"부산광역시 금정구 금강로 503, 2층 (구서동, 롯데캐슬상가 201호)",051-582-2875
176,새로운정형외과의원,"부산광역시 금정구 중앙대로1841번길 23, 3층 (구서동)",051-514-8446
177,안치과의원,"부산광역시 금정구 금강로 494, 4층 (구서동, 구서골드 3상가 401호)",051-518-2288
178,미로한의원,"부산광역시 금정구 중앙대로1841번길 91, 4층 (구서동, 마루빌딩)",051-581-0124
179,미소웰산부인과의원,"부산광역시 금정구 중앙대로1841번길 15, 4층 (구서동, 명성빌딩)",051-516-0079
180,평강의원,"부산광역시 금정구 시실로 13, 2층 (부곡동)",051-515-8271
181,푸른사과치과의원,"부산광역시 금정구 부곡로 118, 3층 (부곡동, 동원빌딩)",051-516-7528
182,백보한의원,부산광역시 금정구 금강로335번길 1 (장전동),051-582-5522
183,동안비책한의원,부산광역시 금정구 중앙대로 1617-12 (부곡동),051-518-2323
184,우송한의원,부산광역시 금정구 중앙대로 2095 (남산동),051-583-0633
185,현대의원,"부산광역시 금정구 서부로 31, 2층 (서동)",051-521-6638
186,참조은치과의원,"부산광역시 금정구 중앙대로1841번길 23, 5층 (구서동)",051-515-2875
187,굿닥터의원,부산광역시 금정구 서명로 15-1 (서동),051-524-0028
188,사)대한산업보건협회 부산의원,"부산광역시 금정구 중앙대로 2139, 2층 (청룡동, 동아빌딩)",051-508-6084
189,김은경치과의원,"부산광역시 금정구 부곡로 116, 2층 (부곡동)",051-583-2806
190,향사랑외과의원,"부산광역시 금정구 중앙대로1841번길 23, 4층 (구서동, 현대타운)",051-517-7582
191,부곡한의원,부산광역시 금정구 부곡로 101 (부곡동),051-513-3232
192,한솔내과의원,"부산광역시 금정구 구서로 17, 2층 (구서동)",051-581-3242
193,서동정안과의원,부산광역시 금정구 서동로 154 (서동),051-714-7288
194,이엔이비인후과의원,"부산광역시 금정구 부곡로 105, 3층 (부곡동, 부곡새마을금고)",051-513-0081
195,코끼리한의원,"부산광역시 금정구 부곡로 122-1, 2층 (부곡동)",051-582-1611
196,미소美치과의원,"부산광역시 금정구 금강로 711, 3층 (남산동, 홍원빌딩)",051-582-7528
197,남산 선치과의원,"부산광역시 금정구 중앙대로 2005, 4층 (남산동)",051-513-1275
198,청아치과의원,부산광역시 금정구 중앙대로 1943 (구서동),051-583-2875
199,미래의원,"부산광역시 금정구 금강로 711, 2층 (남산동)",051-517-7177
200,맑은샘가정의학과의원,"부산광역시 금정구 식물원로39번길 26, 101,201호 (장전동)",051-515-1665
201,강남미르비뇨기과의원,"부산광역시 금정구 구서로 2, 3층 (구서동)",051-514-1808
202,차치과의원,"부산광역시 금정구 금강로 205, 2층 (장전동, 금정산SKview@상가 301동 206,207호)",051-516-2854
203,대평한의원,부산광역시 금정구 서동로141번길 5 (서동),051-529-1075
204,온정한의원,"부산광역시 금정구 식물원로39번길 19, 1층 (장전동)",051-583-7325
205,창성한의원,부산광역시 금정구 범어천로52번길 6 (남산동),051-516-1075
206,하나의원,"부산광역시 금정구 부곡로 110, 2층 (부곡동)",051-517-5573
207,서동치과의원,"부산광역시 금정구 서동로 155, 2층 (서동)",051-529-7090
208,장한기안과의원,"부산광역시 금정구 부곡로 120-1, 2층 (부곡동)",051-513-7700
209,남산하나정형외과의원,"부산광역시 금정구 중앙대로 2049, 2,3층 (남산동)",051-515-8003
210,박기남마취통증의학과의원,"부산광역시 금정구 부곡로 120-1, 3층 (부곡동, 명성빌딩)",051-513-8080
211,푸른내과의원,"부산광역시 금정구 벅구산로 2, 2층 (남산동, 누리마을)",051-515-5311
212,밝은홍안과의원,"부산광역시 금정구 중앙대로 1917, 5층 (구서동)",051-514-3773
213,서동참정형외과의원,"부산광역시 금정구 서동로 154, 4~5층 (서동)",051-526-9191
214,우리정신건강의학과의원,"부산광역시 금정구 수림로 15, 2층 (부곡동)",051-581-8275
215,서동한의원,부산광역시 금정구 서동중심로 59 (서동),051-522-7582
216,당당한의원,"부산광역시 금정구 중앙대로1719번길 37, 4층 (부곡동, 정암빌딩)",051-515-8275
217,김태관치과의원,"부산광역시 금정구 서동로 73, 2층 (부곡동)",051-512-2820
218,심우영이비인후과의원,"부산광역시 금정구 중앙대로 1711, 7층 (부곡동, 금정빌딩)",051-514-2330
219,황윤권정형외과의원,"부산광역시 금정구 중앙대로1629번길 16, 상가301동 209호 (부곡동)",051-515-5713
220,보문정형외과의원,"부산광역시 금정구 중앙대로 1933, 1~3층 (구서동)",051-581-0012
221,옥승철내과의원,"부산광역시 금정구 서동로 158-2, 3층 (서동)",051-531-1195
222,이정삼이비인후과의원,"부산광역시 금정구 금강로 569, 2층 (구서동)",051-583-2672
223,지니산부인과의원,"부산광역시 금정구 부산대학로 23 (장전동, 태양빌딩)",051-582-8275
224,이기범내과의원,"부산광역시 금정구 두실로 36, 3층 (남산동)",051-515-7999
225,전명호내과의원,"부산광역시 금정구 가마실로 21-1, 2층 (부곡동)",051-518-1662
226,예인치과의원,"부산광역시 금정구 부산대학로 23, 5,6층 (장전동)",051-514-2829
227,조내과김경미산부인과의원,"부산광역시 금정구 수림로 15, 5층 (부곡동)",051-512-2060
228,민부부치과의원,"부산광역시 금정구 금사로 81, 2층 (금사동)",051-524-2511
229,금정한의원,부산광역시 금정구 부곡로 44 (부곡동),051-514-8875
230,진부부치과의원,"부산광역시 금정구 수림로 13, 3층 (부곡동)",051-582-8655
231,한빛한의원,부산광역시 금정구 중앙대로1719번길 22 (부곡동),051-515-3114
232,조이피부과의원,"부산광역시 금정구 수림로 15, 4층 (부곡동)",051-582-7573
233,턱편한잎새치과의원,"부산광역시 금정구 수림로 15, 2층 (부곡동)",051-512-7572
234,최진섭신경외과의원,"부산광역시 금정구 두실로 26, 진경빌딩 3,4,5층 (남산동)",051-515-4845
235,류청치과의원,"부산광역시 금정구 중앙대로1929번길 11, 4층 (구서동, 유림빌딩)",051-515-2724
236,노덕현이비인후과의원,"부산광역시 금정구 서동로 168, 3층 (서동, 송월빌딩)",051-527-2970
237,굿모닝치과의원,"부산광역시 금정구 중앙대로 1723, 2층 (부곡동)",051-517-2833
238,수치과의원,"부산광역시 금정구 금강로 567, 2층 (구서동)",051-517-2804
239,김두정정형외과의원,"부산광역시 금정구 부곡로 117, 2층 (부곡동)",051-583-8181
240,예람한의원,부산광역시 금정구 남산로 35 (남산동),051-583-0311
241,거북이한의원,"부산광역시 금정구 장전온천천로 65-2, 2층 (장전동)",051-583-8989
242,아름다운치과의원,"부산광역시 금정구 중앙대로 2101, 3층 (남산동)",051-508-7676
243,효당한의원,"부산광역시 금정구 부곡로 104, 1층 (부곡동)",051-583-8275
244,이종호피부과의원,"부산광역시 금정구 서동로 151, 2층 (서동)",051-527-7083
245,최난금이비인후과의원,"부산광역시 금정구 부곡로 118, 2층 (부곡동)",051-517-6735
246,한빛치과의원,"부산광역시 금정구 중앙대로1629번길 16, 2층 210호 (부곡동)",051-583-2941
247,이상열마취통증의학과의원,"부산광역시 금정구 구서로 2, 2층 (구서동)",051-516-0888
248,조성재치과의원,"부산광역시 금정구 부산대학로 10, 2층 (부곡동, 대우상가 29동 202호)",051-581-1113
249,봄빛안과의원,"부산광역시 금정구 구서로 17, 3층 (구서동)",051-516-8182
250,창해한의원,"부산광역시 금정구 중앙대로 1927, 2층 (구서동)",051-583-5445
251,실로암한의원,"부산광역시 금정구 금샘로 445, 4층 (구서동)",051-515-5717
252,미소고운선치과의원,"부산광역시 금정구 금사로 76, 2층 (금사동)",051-527-5785
253,프랜드금치과의원,"부산광역시 금정구 수림로 34, 파디글스 2층 (부곡동)",051-518-4800
254,김박산부인과의원,"부산광역시 금정구 구서로 2, 3층 (구서동)",051-514-2626
255,오성한의원,"부산광역시 금정구 금정로 86, 2,3층 (장전동)",051-515-1240
256,경원한의원,부산광역시 금정구 중앙대로 2029 (남산동),051-517-8384
257,성심치과의원,"부산광역시 금정구 금강로 352, 서우빌딩 3층 (장전동)",051-512-7776
258,우리의원,"부산광역시 금정구 금사로 95, 2,3층 (금사동)",051-531-8291
259,명성치과의원,"부산광역시 금정구 부곡로 120-1, 5층 (부곡동)",051-514-3388
260,이상목이비인후과의원,"부산광역시 금정구 서동로 165, 2층 (서동)",051-528-1333
261,베스트의원,"부산광역시 금정구 식물원로 59, 1층 (장전동, B/K 오피스텔 101호)",051-512-6206
262,프라임치과보철과치과의원,"부산광역시 금정구 중앙대로1841번길 15, 5층 (구서동)",051-582-7582
263,삼성치과의원,부산광역시 금정구 중앙대로 2095 (남산동),051-514-1534
264,디킴스피부과의원,"부산광역시 금정구 중앙대로 1937, 3층 (구서동)",051-512-3961
265,정성모한의원,부산광역시 금정구 중앙대로 2101 (남산동),051-517-1313
266,두실한의원,"부산광역시 금정구 중앙대로 1941, 2층 (구서동)",051-513-7500
267,광명한의원,"부산광역시 금정구 금사로 118, 1층 (금사동)",051-532-5324
268,김철수이비인후과의원,"부산광역시 금정구 금정로 147, 서강빌딩 2~3층 (장전동)",051-582-5125
269,해산한의원,부산광역시 금정구 금강로 651-1 (남산동),051-583-0698
270,신공한의원,부산광역시 금정구 식물원로40번길 12 (장전동),051-583-1205
271,손한의원,부산광역시 금정구 중앙대로 2011 (남산동),051-517-1614
272,이루미치과의원,"부산광역시 금정구 수림로 15, 6,7층 (부곡동)",051-582-8980
273,최양숙소아청소년과의원,"부산광역시 금정구 금강로 442, 2층 (구서동, 보배빌딩)",051-517-6038
274,리더스차치과의원,부산광역시 금정구 중앙대로 1727 (부곡동),051-518-0251
275,김비뇨기과의원,"부산광역시 금정구 중앙대로 2005, 2층 (남산동)",051-582-0807
276,정영기내과의원,부산광역시 금정구 중앙대로1985번길 1 (남산동),051-517-7509
277,김성재한의원,부산광역시 금정구 금강로 436 (구서동),051-516-2782
278,남산제일내과의원,부산광역시 금정구 금강로 713 (남산동),051-582-5526
279,동래미치과의원,"부산광역시 금정구 부곡로 38, 2층 (부곡동)",051-512-2879
280,박지태치과의원,"부산광역시 금정구 금강로 442, 2층 (구서동, 보배빌딩)",051-518-6336
281,남산치과의원,"부산광역시 금정구 팔송로 36, 2층 (남산동)",051-515-1281
282,김앤박치과의원,"부산광역시 금정구 서동로 154, 3층 (서동)",051-532-2275
283,이성한한의원,부산광역시 금정구 서동로 159-3 (서동),051-528-7575
284,초하한의원,"부산광역시 금정구 중앙대로1945번길 60, 3층 (구서동)",051-518-2388
285,송지한의원,부산광역시 금정구 범어천로52번길 1 (남산동),051-517-2895
286,한독외과의원,부산광역시 금정구 서동로 75-5 (부곡동),051-515-4680
287,조기종치과의원,"부산광역시 금정구 부곡로 77, 1,2층 (부곡동)",051-515-5131
288,패밀리치과의원,"부산광역시 금정구 중앙대로 1967, 3층 (구서동)",051-517-4441
289,국민한의원,부산광역시 금정구 금강로 464 (구서동),051-516-2761
290,두실부부치과의원,"부산광역시 금정구 중앙대로 1939, 4층 (구서동)",051-512-2804
291,박기봉치과의원,부산광역시 금정구 중앙대로1985번길 1 (남산동),051-516-8544
292,이강민치과의원,"부산광역시 금정구 중앙대로 2021, 2층 (남산동)",051-516-9604
293,성수치과의원,"부산광역시 금정구 금강로 231, 2층 (장전동)",051-517-3463
294,내성한의원,부산광역시 금정구 부산대학로64번길 135 (장전동),051-517-0121
295,정인영치과의원,부산광역시 금정구 중앙대로 1927 (구서동),051-517-8000
296,김혁한치과의원,부산광역시 금정구 금사로 97 (금사동),051-531-5351
297,누가정형외과재활의학과의원,"부산광역시 금정구 금사로 122, 1,2층 (금사동)",051-531-2331
298,모철호치과의원,"부산광역시 금정구 금정로60번길 2, 3층 (장전동)",051-515-2275
299,윤치과의원,"부산광역시 금정구 부곡로 112, 2층 (부곡동)",051-516-2882
300,송광한의원,부산광역시 금정구 중앙대로 2039 (남산동),051-515-5673
301,장전치과의원,부산광역시 금정구 금강로 342 (장전동),051-581-2220
302,김건치과의원,"부산광역시 금정구 구서로 17, 5층 (구서동)",051-582-2211
303,박민근외과의원,부산광역시 금정구 서동중심로 15 (서동),051-521-3609
304,한사랑의원,"부산광역시 금정구 동현로16번길 76, 3층 (부곡동)",051-512-3617
305,김경수내과의원,"부산광역시 금정구 부곡로 91, 2층 (부곡동)",051-512-4142
306,세림한의원,부산광역시 금정구 서부로 16 (서동),051-521-1011
307,최우근내과의원,"부산광역시 금정구 금강로 563, 2층 (구서동)",051-514-9795
308,대도한의원,부산광역시 금정구 금단로175번길 37 (남산동),051-512-6656
309,동경한의원,부산광역시 금정구 금정로 147-1 (장전동),051-513-7595
310,부산광역시금정구보건소,부산광역시 금정구 중앙대로 1777 (부곡동),051-519-5051
311,성봉훈치과의원,부산광역시 금정구 서동로 161 (서동),051-527-6204
312,조상호치과의원,부산광역시 금정구 서동로 147 (서동),051-522-6444
313,채경석비뇨기과의원,부산광역시 금정구 서동로 164 (서동),051-526-6391
314,보리한의원,부산광역시 금정구 중앙대로 1839 (구서동),051-516-0123
315,김안과의원,부산광역시 금정구 서동로 161 (서동),051-527-9839
316,동신외과의원,부산광역시 금정구 금정로 55 (장전동),051-582-1001
317,후생한의원,부산광역시 금정구 서부로 8 (서동),051-527-6633
318,성심의원,"부산광역시 금정구 무학송로 106, 2층 (부곡동)",051-512-0288
319,세종외과의원,부산광역시 금정구 금사로 53-1 (서동),051-523-3028
320,권미경치과의원,부산광역시 금정구 서동로 164 (서동),051-526-7081
321,든든한덕모신경외과의원,부산광역시 금정구 가마실로 21-1 (부곡동),051-513-5666
322,정성일의원,"부산광역시 금정구 서동로 105, 3층 (서동)",051-524-2947
323,금정성모내과의원,부산광역시 금정구 금강로 339 (장전동),051-512-3369
324,성모정형외과의원,"부산광역시 금정구 반송로 385, 1,2층 (서동)",051-522-3123
325,박종성내과의원,부산광역시 금정구 서동로 165 (서동),051-523-9339
326,김종주의 행복의원,부산광역시 금정구 수림로 51 (장전동),051-581-4004
327,구서치과의원,부산광역시 금정구 구서로 20 (구서동),051-581-0081
328,한독의원,부산광역시 금정구 금강로415번길 1 (구서동),051-582-1302
329,태명산내과의원,"부산광역시 금정구 부곡로 115, 2층 (부곡동)",051-513-0011
330,김봉겸치과의원,부산광역시 금정구 금강로 294 (장전동),051-518-5155
331,김상천치과의원,부산광역시 금정구 서동로 145 (서동),051-523-8603
,,,
1,지온병원,"부산광역시 금정구 온천장로 146, 지하1,지상3~11층 (장전동)",051-714-5770
2,금정어린이병원,"부산광역시 금정구 금정로 244, 2~5층 (구서동)",051-967-5225
3,화창한병원,"부산광역시 금정구 중앙대로1685번길 12, 지하2~6층 (부곡동)",051-514-9119
4,단골병원,"부산광역시 금정구 중앙대로 1829, 5~10, 14층 12~13층 일부호 (구서동)",051-582-0100
5,의료법인세왕의료재단 세왕요양병원,부산광역시 금정구 식물원로9번길 37 (장전동),051-468-9700
6,더희망찬병원,부산광역시 금정구 부곡로 130 (부곡동),051-255-0200
7,양지요양병원,부산광역시 금정구 금강로 209 (장전동),051-582-5757
8,부산마이크로병원,부산광역시 금정구 중앙대로 1875 (구서동),051-514-1400
9,의료법인 천지의료재단 금샘요양병원,부산광역시 금정구 남산냇길 111 (청룡동),051-931-0119
10,금정형주요양병원,부산광역시 금정구 금강로 638 (남산동),051-532-7533
11,푸른숲요양병원,"부산광역시 금정구 금강로 592, 지1,1,3-7층 (구서동)",051-714-0098
12,의료법인선우의료재단  BHS동래한서요양병원,부산광역시 금정구 중앙대로 1721 (부곡동),051-509-3000
13,순병원,부산광역시 금정구 중앙대로 1701 (부곡동),051-515-0005
14,의료법인좋은사람들의료재단 관자재요양병원,부산광역시 금정구 금단로 140-2 (남산동),051-516-9898
15,온사랑병원,부산광역시 금정구 서동로 197-1 (서동),051-555-0808
16,메드윌병원,"부산광역시 금정구 중앙대로 1951 (구서동, 메드월병원)",051-519-8000
17,의료법인나눔의료재단 행림요양병원,부산광역시 금정구 중앙대로 1905 (구서동),051-517-8211
18,새우리남산병원,부산광역시 금정구 중앙대로 2025 (남산동),051-516-9999
19,서동제일요양병원,"부산광역시 금정구 서동로 172, 지하1,2지상3~9층 (서동)",051-529-5500
20,의료법인아너의료재단 아름다운강산병원,부산광역시 금정구 공단로 7 (금사동),051-526-7100
21,사랑요양병원,부산광역시 금정구 중앙대로 1590 (부곡동),051-514-7277
22,의료법인 동일의료재단 금정나라요양병원,부산광역시 금정구 무학송로 143(부곡동),051-513-1284
23,의료법인 영파의료재단 규림요양병원,부산광역시 금정구 금샘로 59 (장전동),051-582-1234
24,부곡요양병원,부산광역시 금정구 부곡로 56 (부곡동),051-512-6900
25,의료법인대성사랑의료재단 제일요양병원,부산광역시 금정구 서부로 56 (서동),051-527-3800
26,의료법인해림의료재단 부산금사요양병원,"부산광역시 금정구 반송로 470, 2~7층 (금사동)",051-521-7581
27,보람요양병원,부산광역시 금정구 중앙대로 1961 (구서동),051-514-0075
28,의료법인 삼세의료재단 삼세한방병원,부산광역시 금정구 중앙대로 1580 (부곡동),051-583-5400
29,세웅병원,부산광역시 금정구 서동로 162 (서동),051-500-9700
30,다움병원,부산광역시 금정구 체육공원로 608 (두구동),051-508-0011
31,의료법인영파의료재단 마음향기병원,부산광역시 금정구 금샘로 56 (장전동),051-516-1220
